data_code,max_hour,sec_max_hour,min_hour,sec_min_hour,cum_early,cum_late,cum_mid,cum_all,threshold,cum_early_percent,cum_late_percent,cum_mid_percent,first_condition_D,second_condition_D,third_condition_D,first_condition_N,second_condition_N,third_condition_N,daytime_peaking,nighttime_peaking
1,20.245,16.038,4.123,7.951,8.333161075,10.23425649,6.458985081,16.66480016,0.505880865,0.500045665,0.614124166,0.38758251,N,Y,L,N,Y,Y,N,N
2,16.331,12.182,4.123,8.243,6.313319623,8.907238744,6.382615847,11.66285364,0.506799561,0.541318602,0.763727216,0.54726022,Y,Y,L,N,N,N,Y,N
3,16.175,12.088,3.997,20.097,8.514727132,9.815037158,7.248083246,12.88794505,0.506564228,0.660673761,0.761567273,0.56239247,Y,Y,L,N,N,N,Y,N
4,3.985,8.031,12.027,15.968,7.439354597,6.892273155,3.565333089,17.99123251,0.50686378,0.413498886,0.383090661,0.198170586,N,N,N,Y,Y,Y,N,Y
5,8.053,16.018,20.03,12.035,8.695295623,7.498508739,5.62951885,13.0646709,0.508560773,0.665557953,0.573953129,0.430896338,Y,Y,E,N,Y,Y,Y,N
6,20.052,16.088,4.052,8.015,6.291534301,8.673187761,5.248021828,13.90821206,0.504646957,0.452361114,0.623601921,0.377332601,N,Y,L,N,Y,Y,N,N
7,16.238,12.089,4.03,8.15,5.721242231,8.395326694,5.372811663,11.81145924,0.506799561,0.484380644,0.710778111,0.454881277,Y,Y,L,N,N,Y,Y,N
8,16.09,12.023,4.013,8.065,4.530592831,6.702627692,4.286415569,7.775275517,0.506735357,0.582692256,0.862043754,0.551287933,Y,Y,L,N,N,N,Y,N
9,19.933,7.946,16.011,12.029,4.587154998,3.765464061,1.777069516,13.0036901,0.50502925,0.352757945,0.289568886,0.136658864,N,N,N,Y,Y,Y,N,Y
10,16.02,20.017,4.016,12.04,4.229215226,6.834251923,3.603432885,10.41654293,0.508690123,0.406009485,0.656095978,0.345933666,N,Y,L,N,N,Y,N,N
11,13.892,17.844,9.94,5.716,4.923280628,5.567737429,4.810286256,7.49833119,0.590987442,0.656583512,0.742530209,0.641514243,Y,N,L,Y,N,N,N,N
12,13.736,10.098,5.921,18.048,8.065508948,9.536508527,7.101939686,11.59790701,0.597728631,0.695427972,0.822261165,0.612346666,Y,Y,L,Y,N,N,Y,N
13,18.019,9.616,13.69,6.051,5.955328145,7.277100377,5.107456795,11.237722,0.599041534,0.529940867,0.6475601,0.454492182,Y,N,L,Y,Y,Y,N,Y
14,13.926,9.766,5.947,18.17,7.409198472,9.408381761,6.929425752,10.51871874,0.599011631,0.704382221,0.894441803,0.658770894,Y,Y,L,Y,N,N,Y,N
15,14.281,10.003,6.046,18.345,8.307030872,10.94141552,8.12239453,13.04497514,0.600030002,0.636799287,0.838745601,0.622645459,Y,Y,L,Y,N,N,Y,N
16,10.167,13.805,5.99,18.117,7.310687055,8.669347203,6.57718324,9.90070345,0.601775237,0.73840077,0.875629418,0.66431474,Y,Y,L,Y,N,N,Y,N
17,10.087,18.151,6.352,14.246,6.209941691,7.828393529,6.078393891,9.318178021,0.596510414,0.666433038,0.840120624,0.652315708,Y,Y,L,Y,N,N,Y,N
18,10.408,14.312,6.249,18.726,6.088570315,7.66755329,5.899360699,10.5032155,0.591511806,0.579686318,0.730019611,0.561671871,Y,Y,L,Y,N,Y,Y,N
19,13.954,17.59,5.505,9.462,7.777461602,8.459410233,7.387736651,11.780673,0.596836765,0.660188225,0.718075294,0.627106503,Y,Y,L,Y,N,N,Y,N
20,9.722,18.04,5.647,13.626,5.497153472,6.188372508,4.797941377,7.290870055,0.594000594,0.753977705,0.848783816,0.658075283,Y,Y,L,Y,N,N,Y,N
21,10.176,14.483,18.212,6.253,10.2660264,8.090176702,8.615495979,12.43094273,0.598414202,0.825844558,0.650809587,0.693068592,Y,Y,E,Y,N,N,Y,N
22,10.215,14.277,18.225,6.259,8.659857113,7.946208846,7.653549175,10.93601012,0.596688379,0.79186623,0.7266095,0.699848399,Y,Y,E,Y,N,N,Y,N
23,10.171,6.039,17.984,14.018,8.556054565,5.972128861,7.512760368,9.994414274,0.603075686,0.856083641,0.597546659,0.751695913,Y,N,E,Y,N,N,N,N
24,10.018,6.286,18.039,13.851,7.816202315,6.500281541,6.654042818,9.528044097,0.61769702,0.820336497,0.682226223,0.698363982,Y,Y,E,Y,N,N,Y,N
25,6.288,10.368,17.817,13.989,9.406490718,6.237451428,7.751480586,11.1723665,0.610873549,0.841942548,0.558292769,0.693808298,Y,N,E,Y,Y,N,N,N
26,6.025,10.183,17.818,14.015,8.730433694,5.373079201,7.124979087,10.87358898,0.602167804,0.802902676,0.494140362,0.655255509,Y,N,E,Y,Y,N,N,N
27,17.733,5.819,9.898,13.908,4.852029665,5.434744207,3.607827287,9.955804958,0.596214041,0.487356842,0.54588697,0.362384288,Y,N,N,Y,N,Y,N,N
28,10.089,14.067,18.038,5.872,9.816520219,9.054586598,7.195092102,12.53004371,0.601262652,0.783438625,0.722630089,0.574227215,Y,Y,E,Y,N,Y,Y,N
29,14.035,5.959,18.129,9.939,7.709723915,7.181421503,5.021838544,11.94668278,0.597966912,0.645344323,0.601122641,0.420354222,Y,Y,E,Y,N,Y,Y,N
30,5.84,10.048,18.115,14.254,9.836954316,6.894519279,6.28013702,11.12005977,0.601172286,0.884613439,0.620007394,0.564757488,Y,Y,E,Y,Y,Y,Y,N
31,9.948,5.916,17.923,13.785,7.995220073,5.81981094,5.44079779,10.30482247,0.604138348,0.775871695,0.564765764,0.527985592,Y,N,E,Y,N,Y,N,N
32,6.27,10.114,18.185,14.14,8.518112764,6.037349397,6.509123974,11.02476491,0.601353044,0.772634413,0.547617065,0.590409322,Y,Y,E,Y,Y,Y,Y,N
33,15.756,3.778,6.83,9.95,3.265965118,4.664301512,2.585105163,8.66974686,0.577923329,0.376708244,0.537997428,0.298175391,N,Y,N,Y,N,Y,N,N
34,15.862,13.07,3.79,6.985,9.228435617,10.30049209,7.570595998,14.61463923,0.5710207,0.631451483,0.704806457,0.518014566,Y,Y,L,N,N,Y,Y,N
35,16.177,13.074,7.108,3.998,5.726548436,8.30976754,5.400130255,10.54601912,0.570559148,0.543005694,0.787953013,0.512053903,Y,Y,L,N,N,Y,Y,N
36,13.226,19.297,4.136,7.251,4.811854498,7.553113911,4.839383047,9.910768329,0.56264066,0.485517806,0.762111842,0.488295447,Y,Y,L,N,N,Y,Y,N
37,16.31,19.28,7.26,10.182,2.825789407,6.131211048,3.027772179,8.539155753,0.567456377,0.330921404,0.718011385,0.35457512,Y,Y,L,Y,N,Y,Y,N
38,19.433,22.742,7.496,4.679,1.791698615,3.971256352,1.736724572,6.718011159,0.537056928,0.26670075,0.591135718,0.258517667,N,Y,L,Y,Y,Y,N,Y
39,4.096,7.274,13.622,10.586,4.527063972,1.720822336,1.533753579,8.511271926,0.522261392,0.531890417,0.202181572,0.180202629,N,N,E,Y,Y,Y,N,Y
40,4.539,22.323,10.739,7.212,2.751607462,1.977774408,0.965274501,7.676140777,0.514977255,0.35846235,0.25765218,0.125749974,N,N,N,Y,Y,Y,N,Y
41,10.225,16.331,4.828,6.959,7.634076815,10.27736893,7.828612548,13.07328387,0.534807024,0.583944852,0.786135223,0.598825255,Y,Y,L,Y,N,N,Y,N
42,7.381,4.333,13.532,10.577,4.253344512,2.313172736,1.608879845,9.153812618,0.565877582,0.464652783,0.252700468,0.175760627,N,N,N,Y,Y,Y,N,Y
43,21.956,18.865,1.101,7.027,2.504429903,3.323562468,1.895101399,7.170638268,0.513325063,0.349261782,0.463496044,0.264286292,N,Y,N,N,Y,Y,N,N
44,6.737,3.279,19.043,22.495,7.284647671,3.889114226,4.787237225,10.17836428,0.512579557,0.715699249,0.382096191,0.470334633,N,Y,E,N,Y,Y,N,N
45,12.756,6.722,21.645,19.177,9.443864745,8.959425662,7.50186439,14.17066483,0.557025484,0.666437662,0.63225161,0.529393961,Y,Y,E,N,N,Y,Y,N
46,22.579,13.617,4.535,7.592,3.357207107,4.537264292,3.520092218,7.48608672,0.537249284,0.448459553,0.606092938,0.470217932,N,Y,L,Y,Y,Y,N,Y
47,7.321,16.51,10.426,1.318,3.449936596,1.802436562,1.956776227,4.492401043,0.51548606,0.76794938,0.401218979,0.435574698,Y,N,E,N,Y,Y,N,N
48,16.534,7.214,4.247,10.459,4.049831719,6.127487141,3.947145017,8.043344941,0.548070336,0.503500938,0.761808326,0.490734271,Y,Y,L,N,N,Y,Y,N
49,16.331,19.314,13.207,10.509,2.082681296,3.897518828,1.724991454,6.60001032,0.545157187,0.315557279,0.590532232,0.261361933,Y,N,L,Y,N,Y,N,N
50,16.501,14.237,10.632,19.557,2.955483772,4.38635177,2.530523248,6.995672744,0.566973777,0.422473132,0.627009286,0.361726933,Y,N,L,N,N,Y,N,N
51,19.173,13.11,7.188,4.361,2.355940673,4.088118048,2.039833978,7.07906456,0.552359033,0.332803954,0.577494104,0.288150215,Y,Y,L,N,Y,Y,Y,N
52,4.201,15.982,19.138,9.942,4.391348803,3.002829719,2.56749392,8.525899409,0.556896232,0.515059889,0.352200932,0.301140536,N,Y,N,Y,Y,Y,N,Y
53,13.498,16.467,7.584,10.823,7.666932742,8.593648714,6.271699615,13.10529257,0.566171267,0.585025684,0.655738792,0.478562351,Y,Y,L,Y,N,Y,Y,N
54,17.684,2.642,8.716,11.621,4.178440108,5.145659721,3.720179185,10.40619368,0.512601452,0.401533955,0.494480487,0.357496631,N,Y,N,Y,N,Y,N,N
55,2.461,5.556,17.848,20.736,4.157666148,2.631147957,2.579582207,7.885117254,0.524429683,0.527280193,0.333685331,0.3271457,N,N,E,N,Y,Y,N,N
56,16.079,19.287,2.444,5.051,5.633393261,8.765567364,4.884044142,12.60433974,0.516862644,0.446940766,0.695440423,0.38748909,Y,Y,L,N,N,Y,Y,N
57,1.941,5.044,17.378,14.354,3.303999713,1.916433665,1.66883728,6.868470281,0.518224218,0.481038656,0.279018994,0.242970736,N,N,N,Y,Y,Y,N,Y
58,20.892,17.709,8.956,11.9,3.282595925,6.00876577,3.76143937,11.88661993,0.516440007,0.276158903,0.505506679,0.316443143,N,Y,N,Y,Y,Y,N,Y
59,3.236,6.787,20.808,17.075,6.130363192,3.460402929,4.149816691,9.900094483,0.505007996,0.619222696,0.349532314,0.419169403,N,Y,E,N,Y,Y,N,N
60,2.481,14.842,20.992,8.69,5.389366083,5.144507067,4.430133743,10.98314183,0.514756349,0.49069439,0.468400312,0.403357601,N,Y,N,N,Y,Y,N,N
61,16.675,13.959,5.965,2.703,4.297867699,7.920600156,4.875090275,10.27389117,0.529544151,0.418329105,0.770944526,0.474512548,Y,Y,L,N,N,Y,Y,N
62,2.58,5.688,20.916,17.92,3.980283293,2.85177405,2.618971921,7.675450715,0.511138561,0.518573233,0.371544833,0.341214089,N,Y,E,N,Y,Y,N,N
63,17.498,5.557,2.642,8.529,7.226688503,8.050689225,5.798017724,14.19994539,0.507592741,0.508923683,0.566952126,0.408312678,Y,Y,L,N,N,Y,Y,N
64,20.152,2.87,15.099,8.973,0.702393088,1.256247452,0.429806452,4.537422162,0.534473544,0.15480003,0.276863692,0.09472481,N,N,N,Y,Y,Y,N,Y
65,4.875,7.682,20.315,13.898,4.735659711,3.213408659,2.770392333,7.975656372,0.556715379,0.593764261,0.402902095,0.34735603,Y,Y,E,N,Y,Y,Y,N
66,2.366,5.65,17.524,20.303,3.659548659,1.623787891,1.543717935,7.019684332,0.519143413,0.52132667,0.231319218,0.219912728,N,N,E,N,Y,Y,N,N
67,2.748,5.755,11.771,14.678,2.275532936,1.359973341,0.802871013,7.038725215,0.515530352,0.32328765,0.193213018,0.114064833,N,N,N,Y,Y,Y,N,Y
68,2.895,5.747,8.842,15.158,3.321646677,2.435947919,1.727715007,9.294721894,0.512579557,0.35736913,0.262078623,0.185881302,N,Y,N,Y,Y,Y,N,Y
69,20.691,9.041,2.882,11.695,1.143091449,1.313787559,0.79659036,4.272059378,0.514756349,0.267573867,0.307530266,0.186465189,N,Y,N,N,Y,Y,N,N
70,17.433,14.591,8.717,5.925,3.916736248,6.824382264,4.62970505,10.27783711,0.517152215,0.381085651,0.663990117,0.450455188,Y,Y,L,Y,N,Y,Y,N
71,2.978,9.014,20.995,18.079,8.237943645,5.476081902,6.442182988,12.50227253,0.507743082,0.658915699,0.438006921,0.51528096,N,Y,E,N,Y,N,N,N
72,11.943,20.935,3.098,6.055,7.146122369,8.522761177,7.906880204,13.47535295,0.512798598,0.53031059,0.632470348,0.586766093,N,Y,L,N,N,N,N,N
73,11.585,6.068,3.099,15.086,1.34460258,1.15896576,1.112229205,3.410318792,0.510421097,0.394274747,0.339840886,0.326136433,Y,Y,N,N,N,Y,N,N
74,2.469,5.777,20.9,17.679,2.030717412,0.967624788,0.959134875,5.237457049,0.513610683,0.387729654,0.184750878,0.183129879,N,Y,N,N,Y,Y,N,N
75,11.841,2.818,20.964,18.057,9.340620145,7.691596823,7.726799774,14.65594723,0.511487149,0.637326267,0.524810625,0.527212581,N,Y,E,N,N,N,N,N
76,8.777,11.998,3.03,14.84,8.174411844,8.322227506,7.037291805,13.47550759,0.510746967,0.606612537,0.617581746,0.522228328,Y,Y,L,N,Y,N,Y,N
77,11.555,2.587,20.786,17.848,5.723838366,4.94246057,4.712865552,8.00261944,0.511814382,0.715245603,0.617605349,0.588915365,N,Y,E,N,N,N,N,N
78,11.556,8.082,2.587,5.619,7.69130003,9.031936256,7.501131152,13.36887364,0.521988777,0.575313989,0.675594407,0.56108924,Y,Y,L,N,N,N,Y,N
79,2.577,8.625,20.561,14.513,7.9837656,5.61646181,5.077739391,12.94841069,0.510160701,0.616582667,0.433756848,0.392151555,N,Y,E,N,Y,Y,N,N
80,8.956,20.971,12.059,18.107,7.502005688,7.33489509,6.469515062,14.26844761,0.514690114,0.525775886,0.514063988,0.453414081,N,N,E,Y,Y,Y,N,Y
81,13.797,3.327,20.535,6.787,5.355839917,5.065935918,4.684070791,8.624735226,0.508905852,0.62098601,0.58737292,0.543097344,N,Y,E,N,N,N,N,N
82,20.905,5.708,14.968,18.126,5.634438152,3.512948876,2.880853986,10.53934184,0.507657162,0.534610058,0.333317671,0.273342874,N,N,E,Y,Y,Y,N,Y
83,5.825,11.821,18.28,21.133,8.072150715,4.989673157,4.740973894,10.27788786,0.510594843,0.785390036,0.485476513,0.461279006,Y,Y,E,N,Y,Y,Y,N
84,14.465,17.496,2.955,5.862,5.337746185,8.637162056,6.553853055,11.10969897,0.515729758,0.480458219,0.777443393,0.58992175,Y,Y,L,N,N,N,Y,N
85,9.014,11.863,17.92,20.916,8.437300644,5.874694326,7.465653653,10.66091587,0.511203885,0.791423621,0.551049684,0.700282578,Y,N,E,N,N,N,N,N
86,5.889,8.896,21.128,17.92,8.573054214,5.614282025,5.440126787,11.00671129,0.510312566,0.778893349,0.510078068,0.494255427,Y,Y,E,N,Y,Y,Y,N
87,11.392,9.036,21.117,18.109,8.824399041,7.679681584,7.790141382,11.36441653,0.50894902,0.776493806,0.675765585,0.68548538,Y,Y,E,N,N,N,Y,N
88,20.837,17.742,5.932,2.963,1.132345493,3.09016663,1.816049018,6.088775829,0.513500792,0.185972603,0.507518542,0.298261764,N,Y,N,N,Y,Y,N,N
89,8.933,2.818,17.956,14.999,6.659649056,3.581144062,5.102227955,10.71208508,0.511487149,0.621694937,0.334308777,0.476305772,N,N,E,Y,Y,Y,N,Y
90,5.935,20.966,11.935,14.966,4.649160526,3.131998585,2.205283034,11.20202853,0.512142034,0.415028449,0.279592092,0.196864615,N,N,N,Y,Y,Y,N,Y
91,8.864,5.795,20.986,14.325,8.610038184,6.712108807,5.882545004,13.65090242,0.516217844,0.63073033,0.491697076,0.430927189,Y,Y,E,N,Y,Y,Y,N
92,8.628,11.538,20.774,14.711,6.794450302,4.628198642,4.53641908,7.925175131,0.52344602,0.857324941,0.583986923,0.572406162,Y,Y,E,N,Y,N,Y,N
93,18.099,14.904,8.746,3.125,5.252034454,7.944156462,4.169435079,11.53587533,0.523468854,0.455278365,0.688647912,0.361432051,Y,Y,L,N,Y,Y,Y,N
94,20.778,17.747,2.988,14.778,1.161575931,2.733953424,1.348130532,5.841629656,0.515264717,0.1988445,0.46801211,0.23077987,N,Y,N,N,Y,Y,N,N
95,6.741,10.474,21.218,17.303,8.111698517,4.850983663,5.949109581,11.63808365,0.508884271,0.696996066,0.416819797,0.511176046,Y,Y,E,N,Y,N,Y,N
96,14.064,18.766,4.294,9.186,5.959670098,7.996248292,5.247837116,11.4445652,0.521014241,0.520742378,0.698693935,0.458544036,Y,Y,L,N,N,Y,Y,N
97,20.342,9.699,15.016,4.931,6.310631027,5.28066237,3.338684988,14.00187792,0.523811602,0.450698903,0.377139581,0.238445515,N,N,N,Y,Y,Y,N,Y
98,12.581,17.639,5.871,17.639,6.082332871,7.185261085,6.388354962,9.053053428,0.546199363,0.6718543,0.793683716,0.70565749,Y,Y,L,Y,N,N,Y,N
99,18.853,3.941,9.123,13.732,9.196743895,9.793867506,6.049140402,16.6096066,0.522602561,0.553700284,0.589650781,0.364195284,N,N,L,Y,Y,Y,N,Y
100,5.036,15.029,20.006,9.809,8.450043625,6.593315788,5.040553401,12.17201235,0.528774125,0.694219113,0.541678368,0.414110112,Y,Y,E,N,Y,Y,Y,N
101,13.276,18.73,6.229,18.73,4.395310492,6.73809657,4.352812322,9.85113077,0.548295714,0.446173195,0.683992196,0.441859155,Y,Y,L,Y,N,Y,Y,N
102,19.066,13.862,4.541,9.502,5.478024872,9.094686928,5.146920556,13.40789276,0.508474576,0.408567175,0.678308448,0.383872443,Y,Y,L,Y,Y,Y,Y,N
103,15.21,10.163,5.188,20.275,7.720574397,8.585183138,5.764909701,14.26369487,0.521966072,0.541274506,0.601890549,0.404166645,Y,Y,L,N,N,Y,Y,N
104,11.009,6.052,21.241,16.333,8.162075118,6.159274275,7.026714749,10.38115385,0.539786784,0.786239684,0.593313072,0.67687223,Y,Y,E,N,N,N,Y,N
105,11.99,2.525,17.409,7.54,5.739788847,5.224487132,5.213644462,7.477856435,0.546697039,0.767571415,0.698661064,0.697211093,N,N,E,Y,N,N,N,N
106,3.367,8.439,18.463,13.143,6.047668794,3.84188621,3.307364778,9.492760009,0.532646811,0.637082238,0.404717512,0.348409185,N,Y,E,Y,Y,Y,N,Y
107,4.032,9.08,19.315,13.991,8.063757682,5.5699735,4.565495923,11.71935981,0.548897631,0.688071517,0.475279673,0.389568713,N,Y,E,Y,Y,Y,N,Y
108,13.07,6.804,18.009,6.804,9.641872204,8.39258269,7.77591492,13.21481928,0.542593597,0.729625733,0.635088722,0.588423856,Y,Y,E,Y,N,N,Y,N
109,13.888,18.994,4.331,9.104,6.305730532,7.403433161,5.421916474,9.09043816,0.531090949,0.693666292,0.814419837,0.596441709,Y,Y,L,N,N,N,Y,N
110,10.037,5.053,15.144,19.85,6.72279448,5.582794452,4.726151761,9.135777168,0.524200594,0.735875488,0.611091355,0.51732345,Y,N,E,N,N,Y,N,N
111,11.313,6.099,16.187,21.106,9.104463675,6.686094742,7.463061322,12.64509945,0.553939898,0.719999373,0.528749874,0.59019396,Y,N,E,N,N,N,N,N
112,13.4378,10.3406,4.4038,7.5601,5.788687194,6.971509065,5.722390665,8.412677641,0.572573719,0.688090931,0.82869086,0.680210381,Y,Y,L,N,N,N,Y,N
113,16.3789,19.3804,13.3965,10.3428,5.091525624,5.741311504,2.690917659,13.02884541,0.575909697,0.390788705,0.440661572,0.206535389,Y,N,N,Y,N,Y,N,N
114,17.4603,16.1079,1.4487,2.801,7.886938916,10.49662104,9.007280481,12.99060414,0.503034978,0.607126415,0.808016388,0.693368867,Y,Y,L,N,N,N,Y,N
115,18.68,16.7314,7.2,5.229,3.472172072,7.206291618,4.026331092,11.40642687,0.524202884,0.304404886,0.631774674,0.352987937,Y,Y,L,Y,Y,Y,Y,N
116,13.4945,15.1296,1.7129,3.3479,8.235891233,9.75552435,8.754236546,11.90647646,0.512185753,0.691715241,0.819346041,0.735249977,Y,Y,L,N,N,N,Y,N
117,14.3923,15.4549,2.7044,1.1106,7.406392235,9.704352705,8.521965195,11.74510493,0.517268135,0.630593961,0.826246574,0.72557591,Y,Y,L,N,N,N,Y,N
118,18.4877,16.6208,7.1287,5.2092,3.545826328,7.307904315,4.022105609,11.08387734,0.528213187,0.319908478,0.659327426,0.362878935,Y,Y,L,Y,Y,Y,Y,N
119,14.8808,16.0058,2.3645,3.5364,7.261314791,9.705605615,7.908196549,11.89097238,0.506923733,0.61065778,0.816216312,0.665058861,Y,Y,L,N,N,N,Y,N
120,14.712,13.6625,2.9986,1.2101,7.317442022,9.650897842,7.775838232,11.74326995,0.512424151,0.623117926,0.821823724,0.662152728,Y,Y,L,N,N,N,Y,N
121,11.5003,10.3751,22.7517,1.1396,9.572544795,8.984908733,9.524928789,11.98959955,0.50586807,0.798404046,0.749391896,0.794432604,Y,Y,E,N,N,N,Y,N
122,16.0092,9.4869,0.5561,1.0483,8.573164167,9.453026278,9.139056011,13.70937603,0.511297545,0.625350428,0.689530016,0.666628152,Y,Y,L,N,N,N,Y,N
123,2.8941,3.1591,21.0142,21.4686,3.456159825,3.082119351,3.176609153,5.360607599,0.579435823,0.644732852,0.574957091,0.592583787,N,Y,E,N,Y,N,N,N
124,11.0315,11.7041,5.2607,4.2019,4.701981156,5.143214581,4.859732374,6.008617138,0.511471888,0.782539651,0.855973091,0.808793814,Y,Y,L,N,N,N,Y,N
125,14.1682,14.6731,6.6911,3.5523,3.020194839,4.051632202,3.436036474,4.922552555,0.498407174,0.613542427,0.823075459,0.698019256,Y,Y,L,N,N,N,Y,N
126,9.7352,9.093,12.1315,13.0817,6.967620945,6.997128637,6.624168391,14.68187352,0.501412311,0.474573013,0.476582817,0.451180048,Y,N,N,Y,N,Y,N,N
127,12.8575,12.0135,7.6795,5.657,5.726252382,7.765116049,6.831397608,9.09349635,0.509952574,0.629708548,0.853919741,0.751239935,Y,Y,L,Y,N,N,Y,N
128,14.0039,14.4938,6.7123,3.094,4.690726402,6.7874063,5.687700436,7.602470343,0.512772303,0.617000289,0.892789579,0.748138458,Y,Y,L,N,N,N,Y,N
129,15.4232,13.1224,7.1175,4.9346,4.614317179,7.585083346,5.701148934,8.793599864,0.538147964,0.524735859,0.862568625,0.648329356,Y,Y,L,Y,N,N,Y,N
130,15.0469,14.0862,4.512,6.2,6.087122776,8.523614407,7.560155904,9.896802031,0.520422236,0.615059567,0.861249359,0.763898872,Y,Y,L,Y,N,N,Y,N
131,15.646,17.468,8.506,5.316,3.935718259,6.872004658,5.054872033,10.37178716,0.512995896,0.379463847,0.662567072,0.487367505,Y,Y,L,Y,N,Y,Y,N
132,17.262,14.988,7.864,9.683,3.694752138,6.269248447,4.104974457,10.89053329,0.5242693,0.339262738,0.575660372,0.376930527,Y,Y,L,Y,N,Y,Y,N
133,1.45,20.429,11.118,13.983,4.097697394,5.232773711,4.119248154,12.09841354,0.520901159,0.338697085,0.432517346,0.340478373,N,N,N,Y,Y,Y,N,Y
134,17.562,20.188,11.475,8.252,3.010687433,4.950021561,3.534458041,8.106555874,0.520901159,0.371389216,0.610619557,0.435999961,N,N,L,Y,N,Y,N,N
135,15.992,13.718,6.73,7.303,5.563747871,7.776334954,6.565396928,10.98076416,0.553582138,0.506681301,0.708177941,0.597899821,Y,Y,L,Y,N,N,Y,N
136,19.455,16.272,7.48,9.451,3.698128472,6.980862725,4.432398058,10.98005756,0.5242693,0.336804106,0.635776514,0.403677124,Y,Y,L,Y,Y,Y,Y,N
137,3.582,2.818,8.738,16.664,4.09962614,4.171944092,3.470259074,8.901269907,0.541662905,0.460566434,0.468690887,0.389861122,N,Y,N,Y,Y,Y,N,Y
138,18.725,16.072,4.154,6.75,4.417172954,7.321284428,5.270898461,9.924615495,0.546721946,0.445072452,0.737689478,0.531093468,Y,Y,L,N,Y,Y,Y,N
139,18.574,16.186,5.491,1.863,3.797921731,7.134802134,4.686925898,10.90617161,0.521444401,0.348236014,0.654198594,0.429749876,Y,Y,L,N,Y,Y,Y,N
140,19.624,22.012,10.648,13.608,3.991765647,4.60161759,3.248088313,11.2710572,0.537032893,0.354160712,0.408268498,0.288179561,N,N,N,Y,Y,Y,N,Y
141,12.9712,14.1539,3.7665,2.4809,6.197097406,7.486856482,7.104712381,9.50062565,0.525601156,0.652283085,0.788038257,0.747815212,Y,Y,L,N,N,N,Y,N
142,15.9844,15.0078,4.9855,22.0106,6.085701084,8.434857176,6.979562475,9.918580873,0.523493973,0.613565707,0.850409679,0.703685594,Y,Y,L,N,N,N,Y,N
143,3.9822,5.0236,21.9515,20.9917,2.404279649,1.397066651,1.411531236,4.208071072,0.525175606,0.571349582,0.331996924,0.335434267,N,Y,E,N,Y,Y,N,N
144,21.0102,16.0075,6.0096,3.9955,4.236815176,5.15110282,4.80742144,7.057618609,0.528483033,0.600317956,0.729864152,0.681167644,N,Y,L,N,Y,N,N,N
145,13.355,5.101,17.523,5.101,9.547408797,7.563461968,7.247416445,11.92184576,0.580383053,0.800833108,0.634420384,0.607910603,Y,N,E,Y,N,N,N,N
146,16.134,20.056,5.918,20.056,7.094848183,8.807693059,5.939926812,11.6946824,0.54995417,0.606673011,0.753136576,0.507916898,N,Y,L,N,N,Y,N,N
147,9.8261,7.792,4.6578,17.8995,3.883537916,3.801202466,3.850111647,5.226314286,0.515681,0.743073934,0.727319916,0.736678171,Y,Y,E,Y,N,N,Y,N
148,9.776,19.8677,1.633,3.6191,4.375995556,4.938870543,4.249380821,6.880735124,0.504028024,0.635977912,0.717782396,0.617576573,N,Y,L,N,N,N,N,N
149,14.117,16.1345,8.0486,4.952,6.273299731,8.497528987,5.745010434,11.71508858,0.52068192,0.535488886,0.725349102,0.49039411,Y,Y,L,Y,N,Y,Y,N
150,16.1318,18.2668,5.9776,3.9607,3.825848203,6.852408212,3.635770242,8.670261333,0.503560593,0.441261002,0.790334679,0.419338023,Y,Y,L,N,N,Y,Y,N
151,16.5522,14.5423,5.3006,7.3104,4.87873045,7.770470204,5.311062534,9.791014352,0.529107528,0.498286518,0.793632807,0.542442524,Y,Y,L,Y,N,N,Y,N
152,16.4917,18.515,12.4448,4.3576,3.73753886,6.3706069,3.9299102,9.361725807,0.507493995,0.399236096,0.680494925,0.4197848,Y,N,L,N,N,Y,N,N
153,12.0226,2.9774,21.9474,23.0075,5.092058584,5.491960366,5.213935144,8.260033679,0.522593457,0.61646947,0.664883532,0.631224441,N,Y,L,N,N,N,N,N
154,12.751,14.1891,3.739,20.229,6.187123524,7.023325933,6.475604979,8.471652047,0.534138101,0.730332583,0.829038527,0.764385145,Y,Y,L,N,N,N,Y,N
155,15.0797,17.0326,3.0031,4.9945,5.328281051,8.573478656,6.21894352,10.46178497,0.544210283,0.509308982,0.819504385,0.594443829,Y,Y,L,N,N,N,Y,N
156,14.9799,13.0194,6.9907,9.0097,4.579894874,6.24791255,4.941103277,8.263752447,0.544553557,0.554214917,0.756062405,0.597924891,Y,Y,L,Y,N,N,Y,N
157,13.4911,9.5049,5.5187,17.5009,6.591887949,7.745552533,6.857207012,8.621198507,0.599946005,0.764613869,0.898431062,0.795389064,Y,Y,L,Y,N,N,Y,N
158,13.9965,11.9871,4.9844,1.9864,6.832776308,8.312902347,7.658792145,10.18764765,0.521523718,0.670692249,0.815978589,0.751772383,Y,Y,L,N,N,N,Y,N
159,12,16.9802,2.9665,4.0122,6.119349609,7.678687268,7.05242531,9.969391307,0.522406903,0.613813765,0.770226289,0.707407814,Y,Y,L,N,N,N,Y,N
160,13.9932,15,1.9932,2.9795,4.877144617,5.771217418,5.336315665,7.553343787,0.521893429,0.645693451,0.764061266,0.706483885,Y,Y,L,N,N,N,Y,N
161,13.9802,15.9992,2.019,3.9863,5.063047652,7.061225854,6.289999639,8.16452104,0.521893429,0.620127945,0.864867127,0.770406446,Y,Y,L,N,N,N,Y,N
162,12.9939,13.9965,5.0008,6.9973,5.544800361,7.539232433,6.624096787,9.26845907,0.521523718,0.598244036,0.813428896,0.714692349,Y,Y,L,Y,N,N,Y,N
163,12,16.971,4.114,16.971,9.134173388,9.31398017,7.522855516,13.55224705,0.538454635,0.673996966,0.687264639,0.555100235,Y,Y,L,N,N,N,Y,N
164,12.686,18,7.886,18,5.682227114,8.845054755,7.357162125,10.44111103,0.603469952,0.544216712,0.847137314,0.704634028,Y,Y,L,Y,N,N,Y,N
165,9.171,19.179,3.857,14.077,5.672220988,4.755291423,4.05912351,8.431831948,0.51068176,0.672715138,0.563968951,0.481404698,Y,Y,E,N,N,Y,Y,N
166,15.257,10.457,5.486,10.457,8.348082016,8.522564539,6.655949723,11.09158589,0.603439606,0.752649991,0.768381062,0.600089995,Y,Y,L,Y,N,Y,Y,N
167,14.4523,13.9292,0.4578,7.455,5.466539056,6.77548551,6.402366756,8.228668836,0.512570799,0.664328479,0.82339995,0.778056194,Y,Y,L,N,N,N,Y,N
168,16.4473,11.951,3.9657,8.461,5.500059251,6.795083697,6.109120592,10.91821234,0.508379794,0.503750896,0.622362296,0.559534876,Y,Y,L,N,N,N,Y,N
169,14.8617,15.8662,6.8781,2.8771,6.134058733,7.858575012,6.796267367,11.16621096,0.521036863,0.549341111,0.703781707,0.608645797,Y,Y,L,N,N,N,Y,N
170,12.8963,14.8973,4.9106,6.9176,5.862660859,8.335349746,7.258831178,10.87258963,0.521832153,0.539214765,0.766638863,0.667626704,Y,Y,L,Y,N,N,Y,N
171,13.9531,17.9206,6.0005,9.976,5.748691631,8.681094073,7.434016055,9.840239988,0.598999671,0.584202381,0.882203491,0.755471011,Y,Y,L,Y,N,N,Y,N
172,18.0191,14.0108,10.0061,6.0453,3.988763911,6.230684015,3.385449437,8.581592805,0.600429307,0.464804612,0.726052163,0.394501291,Y,N,L,Y,Y,Y,N,Y
173,10.0048,14.0113,17.9951,5.4742,7.189543425,6.522143195,7.170405546,8.721429112,0.599286849,0.824353822,0.74782964,0.822159471,Y,N,E,Y,N,N,N,N
174,7.302,13.758,20.231,1.32,10.94247125,9.701328179,9.505778155,14.34558891,0.543798432,0.762776022,0.676258621,0.662627252,Y,Y,E,N,Y,N,Y,N
175,15.179,13.027,19.699,18.73,8.905801585,7.668160004,8.118928639,13.19868027,0.556792873,0.674749399,0.580979298,0.615131852,Y,Y,E,N,N,N,Y,N
176,13.864,14.71,4.356,3.509,6.951324543,8.524646653,6.891555364,10.92381246,0.550256787,0.636346017,0.780372849,0.630874559,Y,Y,L,N,N,N,Y,N
177,12.587,15.067,1.011,3.486,7.434684791,9.101657883,7.061251387,10.89455597,0.523925952,0.682422011,0.835431743,0.648144946,Y,Y,L,N,N,N,Y,N
178,16.373,13.592,3.118,5.578,6.425916762,8.918232576,6.401989141,10.05360211,0.547021015,0.639165614,0.887068384,0.636785609,Y,Y,L,N,N,N,Y,N
179,14.397,15.211,21.913,20.39,10.52429027,10.00311978,8.154408631,15.31287895,0.525049223,0.68728358,0.653248799,0.53251963,Y,Y,E,N,N,N,Y,N
180,13.532,15.46,2.011,3.627,7.40361434,8.838469931,6.835678942,11.51552355,0.572628364,0.642924684,0.767526539,0.593605572,Y,Y,L,N,N,N,Y,N
181,13.042,14.978,2.448,4.689,6.406760121,7.732834977,7.104775554,9.114960532,0.563644904,0.702884022,0.848367357,0.779463118,Y,Y,L,N,N,N,Y,N
182,14.218,11.746,2.557,3.804,9.363658387,10.05729436,9.750223566,12.52180317,0.534664053,0.747788338,0.803182594,0.778659705,Y,Y,L,N,N,N,Y,N
183,15.746,17.884,3.378,4.713,8.835013716,10.5212897,9.714666567,15.26999123,0.560381059,0.578586692,0.689017403,0.63619333,Y,Y,L,N,N,N,Y,N
184,15.0053,12.0044,6.0025,3.0055,6.572466091,7.782776847,7.57591996,9.227041601,0.573019382,0.712304807,0.843474776,0.821056227,Y,Y,L,N,N,N,Y,N
185,14.9723,12.0227,17.9915,2.9989,6.545388466,6.631311123,6.588859251,8.021827275,0.573101482,0.81594732,0.826658428,0.821366383,Y,N,L,N,N,N,N,N
186,9.9805,14.0521,6.0065,17.9935,5.431279943,5.726489113,5.865286216,6.778152073,0.6,0.801292135,0.844845181,0.865322311,Y,Y,L,Y,N,N,Y,N
187,10.013,13.9544,5.9739,17.9609,5.544421325,5.39410954,5.18728447,6.236124424,0.601959378,0.889081254,0.864977857,0.831812215,Y,Y,E,Y,N,N,Y,N
188,16.4989,19.4975,7.5086,10.502,3.397470952,6.262648506,3.491718105,8.196864179,0.570939195,0.414484232,0.764029801,0.425982184,Y,Y,L,Y,N,Y,Y,N
189,16.4989,13.5055,7.4958,4.5004,4.619797011,7.540235018,5.095318534,8.964194706,0.571113099,0.515361074,0.841150295,0.568407838,Y,Y,L,Y,N,Y,Y,N
190,16.5116,13.5183,4.5004,7.4958,6.05576712,9.073271637,6.301896631,11.25008186,0.571113099,0.538286494,0.806507166,0.560164513,Y,Y,L,Y,N,Y,Y,N
191,4.4984,19.4888,10.5048,13.508,2.646184711,1.558520403,0.79129487,7.040126476,0.570819697,0.375871757,0.221376762,0.11239782,N,N,N,Y,Y,Y,N,Y
192,16.4958,13.508,7.4888,10.5048,6.031432276,8.212252546,5.35138845,13.0770217,0.571374155,0.461223696,0.627991047,0.409220736,Y,Y,L,Y,N,Y,Y,N
193,19.5091,4.4984,16.4958,7.499,3.342588269,3.740107205,1.855170363,9.222756755,0.571096791,0.362428323,0.405530288,0.201151392,N,N,N,Y,Y,Y,N,Y
194,16.5207,13.5212,7.4704,10.5029,4.010995857,6.556458129,4.137549701,8.26692207,0.570540159,0.485186122,0.793095432,0.500494581,Y,Y,L,Y,N,Y,Y,N
195,16.5217,13.5219,7.4713,10.5023,5.894554963,8.343461395,5.510387385,12.43126106,0.57055101,0.474171923,0.67116774,0.443268576,Y,Y,L,Y,N,Y,Y,N
196,13.5227,16.523,7.4699,10.5017,6.638228875,8.397301372,5.815499096,13.19998876,0.570556435,0.502896555,0.636159736,0.440568488,Y,Y,L,Y,N,Y,Y,N
197,16.5197,19.4992,7.4716,4.5145,4.229582882,7.618902982,4.600005333,9.438627052,0.570591704,0.448114208,0.80720458,0.487359582,Y,Y,L,Y,N,Y,Y,N
198,13.5174,16.5184,7.4942,4.5157,4.543490764,7.334955953,4.974798678,8.457141976,0.570575425,0.53723714,0.867309071,0.588236392,Y,Y,L,Y,N,N,Y,N
199,13.5191,16.5206,7.4938,4.5142,5.053416446,7.64374918,5.115438696,9.584115646,0.570567287,0.527269978,0.797543505,0.533741337,Y,Y,L,Y,N,Y,Y,N
200,13.5031,16.5207,7.4939,4.5143,5.525442243,8.691032332,5.584169081,11.33219051,0.570575425,0.487588189,0.76693313,0.492770491,Y,Y,L,Y,N,Y,Y,N
201,13.5009,16.5193,7.4941,4.5144,5.022828049,7.32948804,5.155697979,8.902373288,0.570564574,0.564212248,0.823318435,0.579137474,Y,Y,L,Y,N,N,Y,N
202,16.0319,15.5799,7.4705,7.7248,4.626114906,7.643487102,6.272244135,9.673536708,0.52496194,0.47822374,0.790144012,0.648392033,Y,Y,L,Y,N,N,Y,N
203,14.0247,14.4198,0.9877,2.1728,7.615731092,9.477749125,7.753161573,13.70083538,0.514829227,0.555858886,0.691764324,0.565889697,Y,Y,L,N,N,N,Y,N
204,16.2,22.7,2.2,10.2,3.024276964,6.036789949,4.228061005,10.21290655,0.506329114,0.296123043,0.591094212,0.413991941,N,Y,L,N,N,Y,N,N
205,19.2299,21.6157,7.1492,11.9845,2.185799087,3.766302337,1.548259478,11.16307293,0.501512897,0.195806218,0.337389387,0.138694738,N,Y,N,Y,Y,Y,N,Y
206,19.2364,4.8223,9.6234,12.0047,5.014420633,5.748583737,3.104109441,14.40370273,0.50336415,0.348134138,0.399104581,0.215507741,Y,N,N,Y,Y,Y,N,Y
207,19.2018,21.6481,11.9953,9.5749,1.879542309,2.32568886,0.675075543,10.21979457,0.503349371,0.183911946,0.227567085,0.066055686,N,N,N,Y,Y,Y,N,Y
208,7.2159,2.4267,9.6238,12.0762,5.247152121,4.711757224,2.896964768,15.28283621,0.500429535,0.343336279,0.308303849,0.18955675,N,N,N,Y,Y,Y,N,Y
209,21.6479,19.2018,9.5747,11.9949,2.087703901,3.161667077,1.199821858,10.8039723,0.502836838,0.193234844,0.292639317,0.11105377,N,N,N,Y,Y,Y,N,Y
210,21.647,19.2172,9.6235,12.0431,4.495321671,5.194935527,2.745946479,14.70494313,0.500437883,0.305701398,0.353278179,0.186736287,N,N,N,Y,Y,Y,N,Y
211,19.1279,21.5268,11.9337,14.3581,2.965379549,3.533007661,1.414868016,12.5802846,0.503104574,0.235716412,0.280836863,0.112467091,N,N,N,Y,Y,Y,N,Y
212,16.7323,4.8047,9.5783,11.9221,6.741528557,6.908084053,4.541703183,17.11972415,0.501739363,0.393787219,0.403516084,0.265290675,Y,N,N,Y,N,Y,N,N
213,2.3698,19.1699,9.5763,16.7832,1.097665267,1.836038454,0.310536052,8.764058637,0.502243354,0.125246226,0.209496368,0.035432904,N,N,N,Y,Y,Y,N,Y
214,2.3381,4.7409,9.578,11.955,4.501531301,3.831411639,2.359158597,13.46140536,0.501741461,0.334402775,0.284621965,0.175253514,N,N,N,Y,Y,Y,N,Y
215,21.5756,19.1708,9.5558,11.9273,2.816964767,4.696813719,2.045187724,12.46005454,0.503100356,0.22607965,0.376949692,0.164139548,N,N,N,Y,Y,Y,N,Y
216,21.5617,2.3672,9.5773,11.9863,4.64282895,5.186362173,2.797316446,15.36131502,0.501745657,0.302241634,0.337624882,0.182101366,N,N,N,Y,Y,Y,N,Y
217,19.1635,21.5794,16.8156,9.5458,2.040446294,2.477789817,0.801441768,9.963884095,0.50260938,0.204784226,0.248677102,0.080434674,N,N,N,Y,Y,Y,N,Y
218,16.81,2.4187,12.0168,9.6317,5.613761092,5.577565616,3.465225924,15.66919213,0.50266412,0.358267424,0.355957446,0.221148984,N,N,N,Y,N,Y,N,N
219,21.5788,19.1897,16.7901,11.9652,2.820447651,2.67343121,1.208445403,11.28740366,0.502653592,0.249875679,0.236850855,0.107061415,N,N,N,Y,Y,Y,N,Y
220,2.3648,7.2281,9.6334,12.0142,4.749359967,4.524324175,2.775361773,13.70665613,0.50205844,0.346500264,0.33008227,0.202482775,N,N,N,Y,Y,Y,N,Y
221,21.5756,19.1858,9.5966,11.9381,2.917095016,4.112081576,1.553935302,12.69295465,0.502603065,0.229820014,0.323965671,0.122425026,N,N,N,Y,Y,Y,N,Y
222,21.602,19.1666,9.6002,12.0124,4.875987286,5.417021687,3.082860772,14.97030527,0.502266477,0.325710612,0.361851117,0.205931724,N,N,N,Y,Y,Y,N,Y
223,7.4872,10.4874,19.4748,16.4937,9.542164828,7.004102168,7.171552325,12.23862162,0.572117837,0.779676431,0.572295017,0.585977126,Y,Y,E,Y,Y,N,Y,N
224,14.221,13.356,5.915,3.088,5.132302202,6.980075377,5.90904248,8.466984451,0.505050505,0.606154674,0.824387409,0.697892209,Y,Y,L,N,N,N,Y,N
225,14.255,13.014,6.17,3.342,5.071460483,6.652513256,5.82788475,7.569059637,0.535475234,0.670025172,0.878908818,0.769961531,Y,Y,L,N,N,N,Y,N
226,12.018,14.355,21.932,5.689,7.039405459,7.761417495,7.28138545,9.76818416,0.505433409,0.720646268,0.79456093,0.745418527,Y,Y,L,N,N,N,Y,N
227,12.738,14.7,6.165,3.089,5.552000147,6.453928196,6.258546523,6.943449894,0.535881749,0.799602537,0.929498779,0.901359788,Y,Y,L,N,N,N,Y,N
228,14.0389,13.0013,1.9838,22.0045,7.810632498,8.232270044,7.410123595,12.33319964,0.521473859,0.633301392,0.667488591,0.600827345,Y,Y,L,N,N,N,Y,N
229,2.5048,1.5073,8.5092,10.5065,2.596824321,2.962691114,1.771108764,10.13831676,0.521414946,0.256139592,0.29222712,0.174694558,N,Y,N,Y,Y,Y,N,Y
230,13.5342,4.4932,19.5068,7.5616,10.01500279,9.33097274,7.653424059,14.93855027,0.570315099,0.670413301,0.624623713,0.512327095,N,Y,E,N,N,Y,N,N
231,16.5116,13.4837,4.4326,7.5256,3.622667581,6.577163415,4.105663391,7.733861687,0.570545584,0.468416391,0.850437166,0.530868479,Y,Y,L,N,N,Y,Y,N
232,11.8854,10.0934,3.8697,8.9251,4.606781549,5.817290412,5.326006375,6.857839241,0.57884607,0.671754089,0.848268705,0.776630392,Y,Y,L,N,N,N,Y,N
233,11.7764,6.9317,9.4658,1.6398,7.005235812,6.241146259,5.400037714,10.98991243,0.517685428,0.63742417,0.567897724,0.491363125,Y,N,E,N,N,Y,N,N
234,15.152,10.969,6.992,18.991,5.221201764,7.229376818,5.213043597,8.580033867,0.602379399,0.608529272,0.842581385,0.607578441,Y,Y,L,Y,N,N,Y,N
235,14.963,18.873,6.897,10.966,5.879859323,8.49514204,5.632298778,10.65239308,0.606520091,0.551975437,0.797486722,0.528735537,Y,Y,L,Y,N,Y,Y,N
236,15.192,11.211,6.986,18.972,5.136052892,7.114303639,5.119784555,8.417237617,0.616016427,0.610182714,0.845206464,0.608249973,Y,Y,L,Y,N,Y,Y,N
237,15.149,19.093,6.924,11.036,5.82959374,8.502927673,5.568773235,10.87836792,0.596006755,0.535888636,0.781636339,0.511912566,Y,Y,L,Y,N,Y,Y,N
238,6.746,19.028,14.922,10.916,4.643142393,2.922221757,2.226782211,9.335535912,0.608025942,0.497362169,0.313021318,0.238527518,Y,N,N,Y,Y,Y,N,Y
239,19.039,6.704,10.86,15.151,3.18751047,3.208961352,1.511003636,8.908913816,0.600690794,0.3577889,0.360196699,0.16960582,Y,N,N,Y,Y,Y,N,Y
240,16.917,12.486,4.445,6.609,7.286051445,9.571186247,7.661470939,12.554046,0.537008861,0.580374761,0.762398532,0.610279024,Y,Y,L,N,N,N,Y,N
241,15.584,14.753,5.299,3.532,3.936577527,5.90958931,5.097998164,7.092477022,0.511073254,0.555035641,0.83321938,0.718789521,Y,Y,L,N,N,N,Y,N
242,13.379,15.523,2.553,4.596,6.786099122,8.078859469,6.827228655,11.55007805,0.524544302,0.587537079,0.699463626,0.591098054,Y,Y,L,N,N,N,Y,N
243,13.806,14.727,1.018,2.345,5.130397538,7.34139053,6.047450831,9.007713053,0.509143366,0.569556058,0.815011589,0.671363619,Y,Y,L,N,N,N,Y,N
244,1.6238,4.7064,12.7883,16.9577,3.617064004,2.5370379,2.278960087,6.970821263,0.595114113,0.51888635,0.363951076,0.326928493,N,N,N,Y,Y,Y,N,Y
245,16.9972,13.9344,2.9477,6.0303,3.64198212,6.080878126,4.385025881,7.12569484,0.57453379,0.511105542,0.853373357,0.615382216,Y,Y,L,N,N,N,Y,N
246,11.2573,12.1759,4.6121,1.7269,4.308560669,4.549856176,4.292531339,5.156129067,0.573416415,0.835619243,0.882417045,0.832510452,Y,Y,L,N,N,N,Y,N
247,11.9218,17.9414,3.889,5.9609,7.539106743,8.329981983,7.3639028,10.28039249,0.598515681,0.733348143,0.810278595,0.716305609,Y,Y,L,N,N,N,Y,N
248,14.2217,16.275,6.9732,4.1035,3.099479788,4.140980432,3.159217141,4.895820732,0.562074053,0.633086863,0.845819457,0.645288566,Y,Y,L,N,N,N,Y,N
249,7.0227,3.9551,12.0199,17.9572,6.878870938,4.205635859,4.647573041,11.43710712,0.57540986,0.601451999,0.367718499,0.406359142,N,N,E,Y,Y,Y,N,Y
250,4.8247,18.1113,13.0144,1.8804,6.6606782,6.195182297,3.67988491,11.61470074,0.598763553,0.573469635,0.53339147,0.316829937,Y,N,N,N,Y,Y,N,N
251,6.9402,11.9125,3.8891,15.957,7.923399465,7.071627352,6.399864936,11.31167903,0.600351205,0.700461836,0.625161599,0.565774976,Y,Y,E,N,Y,Y,Y,N
252,5.0701,5.956,20.351,21.9204,6.191704209,2.71057212,3.774381232,8.809472402,0.511831846,0.702846201,0.307688361,0.428445775,Y,Y,E,N,Y,Y,Y,N
253,4.5349,5.7907,12.8372,12.1395,5.651848091,2.500132691,3.075459492,9.656857952,0.504398778,0.585267809,0.258897118,0.318474136,Y,N,E,Y,Y,Y,N,Y
254,6.4542,5.2945,19.5829,18.2194,5.754473234,2.152299822,3.401682633,8.662711972,0.560750284,0.6642808,0.24845566,0.392681027,Y,Y,E,N,Y,Y,Y,N
255,15.0937,12,2.9531,21,7.26063265,7.753724204,7.886595493,10.80939485,0.5,0.671696497,0.71731344,0.729605644,Y,Y,L,N,N,N,Y,N
256,15,12,2.9531,18.0469,7.42733217,7.791885239,6.18193249,10.83307663,0.5,0.685616139,0.719267989,0.570653444,Y,Y,L,N,N,N,Y,N
257,12.0858,15.076,2.9789,21.027,6.279783482,6.543274427,5.903040633,8.785582186,0.500471277,0.714782851,0.744774141,0.671900906,Y,Y,L,N,N,N,Y,N
258,12.0451,15.0007,3.0502,6.0475,6.10088655,6.727887902,6.644246332,8.877344015,0.500755306,0.687242326,0.757871712,0.748449798,Y,Y,L,N,N,N,Y,N
259,15.0285,11.9772,5.9658,3.0057,6.263162538,7.606270203,6.845528715,10.10543548,0.500062508,0.619781557,0.752690987,0.677410561,Y,Y,L,N,N,N,Y,N
260,15.0285,12.0683,6.0114,3.0057,6.167605999,7.568914446,7.160245731,10.50494444,0.5,0.587114576,0.720509708,0.681607197,Y,Y,L,N,N,N,Y,N
261,15.094,17.537,8.017,5.533,4.773675351,7.613387482,5.733269853,9.856973973,0.558997531,0.484294203,0.772385877,0.581646037,Y,Y,L,Y,N,N,Y,N
262,15.179,12.923,8.821,2.462,5.421357874,6.638517676,5.728821152,10.71813883,0.506500084,0.5058115,0.619372242,0.534497756,Y,Y,L,N,N,N,Y,N
263,14.949,20.059,7.718,2.917,4.559846039,7.911746707,5.78989591,10.28267722,0.557284168,0.443449302,0.769424785,0.563072805,N,Y,L,N,N,N,N,N
264,21.18,19.927,3.016,7.755,0.751457292,1.960824319,1.080155311,3.906764094,0.550964187,0.192347752,0.501904971,0.276483372,N,Y,N,N,Y,Y,N,N
265,5.538,3.179,8.205,9.128,2.133586245,1.968818607,1.608686752,5.654589292,0.536696632,0.377319401,0.348180656,0.284492236,N,Y,N,Y,Y,Y,N,Y
266,6.154,7.077,21.744,19.282,7.053458186,4.392157872,5.580294141,9.244935281,0.529427336,0.762953766,0.475088006,0.603605539,Y,Y,E,N,Y,N,Y,N
267,16.832,9.761,21.692,7.25,8.881626632,9.566405435,7.818052962,15.17395608,0.507764566,0.585320439,0.630449,0.51522839,Y,Y,L,N,N,N,Y,N
268,12.9012,9.7708,3.0356,17.5494,6.859449154,6.859091642,6.376493935,8.866059784,0.559735432,0.77367504,0.773634716,0.719202677,Y,Y,E,N,N,N,Y,N
269,10.3055,15.1236,2.9321,5.39,7.554285244,7.84830884,6.869342702,11.08823858,0.556963435,0.681288123,0.707804832,0.619516135,Y,Y,L,N,N,N,Y,N
270,15.1502,10.5784,2.1003,20.1956,7.232106105,8.306109237,7.817770687,10.30129641,0.53613793,0.702057859,0.806316886,0.758911343,Y,Y,L,N,N,N,Y,N
271,19.8389,15.0398,3.0934,5.5397,3.281988011,4.674954933,3.473920198,7.0236806,0.559620577,0.467274667,0.665599021,0.494601107,N,Y,L,N,Y,Y,N,N
272,20.6476,18.0766,10.4625,8.0815,2.693455256,5.687596392,2.273751005,9.132144893,0.540864572,0.294942238,0.622810573,0.248983238,N,N,L,Y,Y,Y,N,Y
273,9.9765,6.4941,21.7412,19.2941,9.426984898,6.998890763,7.817699771,11.91172256,0.540255811,0.791404001,0.587563279,0.656303044,Y,Y,E,N,N,N,Y,N
274,9.7092,12.0613,19.1151,21.2803,8.782892381,8.056589637,7.434683402,12.57074202,0.516295579,0.698677323,0.640900086,0.59142757,Y,Y,E,N,N,N,Y,N
275,14.3607,9.5902,4.7705,19.2049,8.246332766,10.32818277,7.240117804,15.72335306,0.5,0.524464008,0.656868972,0.460469073,Y,Y,L,Y,N,Y,Y,N
276,14.4098,19.2049,4.7705,9.5902,7.251604929,10.24805746,6.490512528,15.20128496,0.5,0.477038944,0.674157316,0.426971308,Y,Y,L,Y,N,Y,Y,N
277,19.2049,9.6148,4.8197,14.4098,7.862738783,10.50101591,6.769661173,17.08097075,0.500513026,0.460321541,0.614778637,0.39632766,Y,Y,L,Y,Y,Y,Y,N
278,14.3559,19.1853,4.7617,9.5665,6.338231587,9.325298846,5.469468199,14.11393986,0.501305483,0.449075995,0.660715501,0.387522425,Y,Y,L,Y,N,Y,Y,N
279,18.993,14.4098,4.7705,9.6148,6.059726603,8.989113246,5.32484099,13.84780404,0.5,0.437594769,0.64913637,0.384526021,Y,Y,L,Y,Y,Y,Y,N
280,18.997,9.6148,4.7951,14.3852,2.475568697,5.266330066,2.134170321,8.041475881,0.5,0.307850043,0.65489596,0.265395352,Y,Y,L,Y,Y,Y,Y,N
281,16.5036,15.9225,1.8015,2.9637,5.338624044,6.399540403,6.364853819,7.316170221,0.511138561,0.729702,0.874711797,0.869970712,Y,Y,L,N,N,N,Y,N
282,12.2045,19.3263,5.1633,1.7214,6.196879678,7.627754424,6.488814754,12.3786037,0.510353803,0.500612171,0.616204752,0.524196017,Y,Y,L,N,N,N,Y,N
283,21.1875,22.8125,16.6875,10.1875,5.071612903,4.044272615,4.085823079,11.92592875,0.506596306,0.425259366,0.339115946,0.342599991,N,N,N,Y,Y,Y,N,Y
284,0.7432,7.8463,13.6016,14.7261,4.836957335,4.472811136,4.227133482,11.42706202,0.511914817,0.423289672,0.391422671,0.369923036,N,N,N,Y,Y,Y,N,Y
285,5.1875,17,9.6875,14.75,5.622797556,5.794513732,5.553981893,12.61397917,0.510638298,0.445759223,0.459372388,0.440303715,Y,N,N,Y,Y,Y,N,Y
286,14.106,16.113,4.0882,7.0831,3.768479875,6.336908845,4.657155755,7.483390039,0.522509264,0.503579241,0.846796547,0.622332356,Y,Y,L,N,N,N,Y,N
